{
    "list": [
        {
            "symbol": "SZ002080",
            "name": "中材科技",
            "hold": 22.3,
            "press": 23.7
        },
        {
            "symbol": "SH600926",
            "name": "杭州银行",
            "hold": 16.5,
            "press": 22.0
        },
        {
            "symbol": "SH601377",
            "name": "兴业证券",
            "hold": 8.4,
            "press": 9.16
        },
        {
            "symbol": "SZ000100",
            "name": "TCL科技",
            "hold": 8.63,
            "press": 9.46
        },
        {
            "symbol": "SZ000807",
            "name": "云铝股份",
            "hold": 10.15,
            "press": 11.8
        },
        {
            "symbol": "SH600507",
            "name": "方大特钢",
            "hold": 8.92,
            "press": 9.10
        }
    ]
}
